{"cameraMode":{"drawMode":0,"name":"Shaded","section":"Shading Mode"},"sceneLighting":false,"audioPlay":false,"sceneViewState":{"showFog":true,"showMaterialUpdate":true,"showSkybox":false,"showFlares":true,"showImageEffects":true,"showParticleSystems":true},"in2DMode":false,"pivot":{"x":0.0,"y":-0.01724395714700222,"z":-0.05172576755285263},"rotation":{"x":0.14983806014060975,"y":0.7768045663833618,"z":-0.2014891356229782,"w":0.5775165557861328},"size":0.20315952599048615,"orthographic":false}