{"cameraMode":{"drawMode":0,"name":"Shaded","section":"Shading Mode"},"sceneLighting":true,"audioPlay":false,"sceneViewState":{"showFog":true,"showMaterialUpdate":true,"showSkybox":true,"showFlares":true,"showImageEffects":true,"showParticleSystems":true},"in2DMode":false,"pivot":{"x":-1.0008103847503663,"y":2.5311224460601808,"z":0.0},"rotation":{"x":0.2754782736301422,"y":0.4438452124595642,"z":-0.14549557864665986,"w":0.8402048945426941},"size":15.650232315063477,"orthographic":false}